{
  "hash": "fb069d33",
  "configHash": "35cb2e3e",
  "lockfileHash": "c95df5b5",
  "browserHash": "01c16de8",
  "optimized": {
    "@angular/common": {
      "src": "../../../../../node_modules/@angular/common/fesm2022/common.mjs",
      "file": "@angular_common.js",
      "fileHash": "f2b2d39c",
      "needsInterop": false
    },
    "@angular/common/http": {
      "src": "../../../../../node_modules/@angular/common/fesm2022/http.mjs",
      "file": "@angular_common_http.js",
      "fileHash": "70606127",
      "needsInterop": false
    },
    "@angular/core": {
      "src": "../../../../../node_modules/@angular/core/fesm2022/core.mjs",
      "file": "@angular_core.js",
      "fileHash": "5b5d3845",
      "needsInterop": false
    },
    "@angular/platform-browser": {
      "src": "../../../../../node_modules/@angular/platform-browser/fesm2022/platform-browser.mjs",
      "file": "@angular_platform-browser.js",
      "fileHash": "54bfcb84",
      "needsInterop": false
    },
    "@angular/platform-server": {
      "src": "../../../../../node_modules/@angular/platform-server/fesm2022/platform-server.mjs",
      "file": "@angular_platform-server.js",
      "fileHash": "88c79b0b",
      "needsInterop": false
    },
    "@angular/router": {
      "src": "../../../../../node_modules/@angular/router/fesm2022/router.mjs",
      "file": "@angular_router.js",
      "fileHash": "66c40568",
      "needsInterop": false
    }
  },
  "chunks": {
    "chunk-2HOAVLWU": {
      "file": "chunk-2HOAVLWU.js"
    },
    "chunk-DL7DWYQT": {
      "file": "chunk-DL7DWYQT.js"
    },
    "chunk-LC6EQELR": {
      "file": "chunk-LC6EQELR.js"
    },
    "chunk-JXNCHWAJ": {
      "file": "chunk-JXNCHWAJ.js"
    },
    "xhr2-AQ42KH57": {
      "file": "xhr2-AQ42KH57.js"
    },
    "chunk-NQ4HTGF6": {
      "file": "chunk-NQ4HTGF6.js"
    }
  }
}