{
  "hash": "5e5693b8",
  "configHash": "5f3774e5",
  "lockfileHash": "7dbfa28e",
  "browserHash": "0c4b37f7",
  "optimized": {
    "@angular/common": {
      "src": "../../../../../../node_modules/@angular/common/fesm2022/common.mjs",
      "file": "@angular_common.js",
      "fileHash": "45189ac3",
      "needsInterop": false
    },
    "@angular/core": {
      "src": "../../../../../../node_modules/@angular/core/fesm2022/core.mjs",
      "file": "@angular_core.js",
      "fileHash": "9453e541",
      "needsInterop": false
    },
    "@angular/platform-browser": {
      "src": "../../../../../../node_modules/@angular/platform-browser/fesm2022/platform-browser.mjs",
      "file": "@angular_platform-browser.js",
      "fileHash": "14304ab0",
      "needsInterop": false
    }
  },
  "chunks": {
    "chunk-LQM5XCSN": {
      "file": "chunk-LQM5XCSN.js"
    },
    "chunk-54NG2GMA": {
      "file": "chunk-54NG2GMA.js"
    }
  }
}