{
  "hash": "53b8d73d",
  "configHash": "8b9a6ccb",
  "lockfileHash": "e7effea6",
  "browserHash": "ed7c94ed",
  "optimized": {
    "@angular/common": {
      "src": "../../../../../../node_modules/@angular/common/fesm2022/common.mjs",
      "file": "@angular_common.js",
      "fileHash": "e5658300",
      "needsInterop": false
    },
    "@angular/core": {
      "src": "../../../../../../node_modules/@angular/core/fesm2022/core.mjs",
      "file": "@angular_core.js",
      "fileHash": "c890a7ec",
      "needsInterop": false
    },
    "@angular/platform-browser": {
      "src": "../../../../../../node_modules/@angular/platform-browser/fesm2022/platform-browser.mjs",
      "file": "@angular_platform-browser.js",
      "fileHash": "bd5ab200",
      "needsInterop": false
    },
    "@angular/router": {
      "src": "../../../../../../node_modules/@angular/router/fesm2022/router.mjs",
      "file": "@angular_router.js",
      "fileHash": "016ff6e3",
      "needsInterop": false
    }
  },
  "chunks": {
    "chunk-QUTJW3OX": {
      "file": "chunk-QUTJW3OX.js"
    },
    "chunk-GR2ZYQ2A": {
      "file": "chunk-GR2ZYQ2A.js"
    },
    "chunk-TO4CFXQS": {
      "file": "chunk-TO4CFXQS.js"
    }
  }
}