{
  "hash": "3da54590",
  "configHash": "121085b1",
  "lockfileHash": "58ede3f8",
  "browserHash": "d4644147",
  "optimized": {
    "@angular/core": {
      "src": "../../../../../../node_modules/@angular/core/fesm2022/core.mjs",
      "file": "@angular_core.js",
      "fileHash": "f25237e2",
      "needsInterop": false
    },
    "@angular/platform-browser": {
      "src": "../../../../../../node_modules/@angular/platform-browser/fesm2022/platform-browser.mjs",
      "file": "@angular_platform-browser.js",
      "fileHash": "7c59cb3a",
      "needsInterop": false
    },
    "@angular/router": {
      "src": "../../../../../../node_modules/@angular/router/fesm2022/router.mjs",
      "file": "@angular_router.js",
      "fileHash": "32a51f93",
      "needsInterop": false
    }
  },
  "chunks": {
    "chunk-5BRWUF3M": {
      "file": "chunk-5BRWUF3M.js"
    },
    "chunk-YJFJI4Y6": {
      "file": "chunk-YJFJI4Y6.js"
    }
  }
}