{
  "hash": "1b1c3487",
  "configHash": "10a0bfcc",
  "lockfileHash": "6c7b4aea",
  "browserHash": "96d00b4f",
  "optimized": {
    "@angular/core": {
      "src": "../../../../../node_modules/@angular/core/fesm2022/core.mjs",
      "file": "@angular_core.js",
      "fileHash": "bca179c2",
      "needsInterop": false
    },
    "@angular/platform-browser": {
      "src": "../../../../../node_modules/@angular/platform-browser/fesm2022/platform-browser.mjs",
      "file": "@angular_platform-browser.js",
      "fileHash": "8e5fef02",
      "needsInterop": false
    },
    "@angular/youtube-player": {
      "src": "../../../../../node_modules/@angular/youtube-player/fesm2022/youtube-player.mjs",
      "file": "@angular_youtube-player.js",
      "fileHash": "06e14273",
      "needsInterop": false
    },
    "@cloudinary/ng": {
      "src": "../../../../../node_modules/@cloudinary/ng/fesm2015/cloudinary-ng.js",
      "file": "@cloudinary_ng.js",
      "fileHash": "e09beb1c",
      "needsInterop": false
    },
    "@cloudinary/url-gen": {
      "src": "../../../../../node_modules/@cloudinary/url-gen/index.js",
      "file": "@cloudinary_url-gen.js",
      "fileHash": "551c1e5c",
      "needsInterop": false
    }
  },
  "chunks": {
    "chunk-JOVW7EJK": {
      "file": "chunk-JOVW7EJK.js"
    },
    "chunk-XUIVW4GW": {
      "file": "chunk-XUIVW4GW.js"
    },
    "chunk-2ZI7LOVS": {
      "file": "chunk-2ZI7LOVS.js"
    },
    "chunk-GLLL6ZVE": {
      "file": "chunk-GLLL6ZVE.js"
    }
  }
}